ip,
103.1.208.222
103.120.176.201
103.130.219.209
103.211.8.166
103.221.221.51
104.244.72.115
109.70.100.2
113.43.208.207
118.25.58.224
120.24.108.217
124.158.12.112
125.167.131.131
128.199.191.39
132.148.214.129
132.148.75.203
139.99.35.248
141.95.143.156
143.198.147.242
143.198.179.223
144.217.158.211
15.235.193.58
156.146.35.167
157.230.219.118
157.245.195.150
157.7.174.202
158.220.87.153
165.22.50.209
165.232.143.154
165.232.188.166
167.71.69.173
173.249.29.208
173.249.52.122
178.128.60.19
185.185.80.231
185.2.4.33
185.220.101.152
185.50.25.58
185.84.91.250
186.6.220.108
187.18.136.185
189.126.206.157
190.205.108.58
192.169.89.251
192.236.209.4
193.35.18.96
194.38.23.16
197.87.136.215
198.12.220.99
198.54.113.125
198.71.227.41
20.187.96.31
20.92.144.154
208.109.63.235
208.109.67.238
208.113.190.66
23.26.220.6
37.140.216.216
38.242.201.76
39.105.205.117
40.122.78.153
40.77.111.208
43.155.89.190
45.138.16.42
45.141.215.62
45.89.246.214
47.100.41.125
5.161.45.62
50.116.102.211
51.158.115.62
54.37.156.240
59.110.175.210
67.205.60.166
68.178.145.130
68.178.146.19
68.178.149.21
68.178.151.43
68.178.225.104
68.178.244.191
69.63.64.21
72.167.209.248
72.167.44.8
78.135.111.25
91.92.242.180
91.92.248.47
91.92.252.128
91.92.252.165
91.92.252.87
91.92.255.218
92.204.220.58
93.158.90.155
93.158.90.162
93.158.90.169
94.156.68.85
94.156.69.32
95.217.107.56
173.239.218.209
64.23.139.214
77.47.142.95
86.39.240.68
52.156.164.112
13.229.63.138
136.144.33.95
37.140.223.179
194.61.41.63
64.227.108.214
